time_idx,accel_mag
330000,1.143759115297117
330001,1.0905269438122078
330002,1.0259472673508494
330003,0.9703117715992935
330004,0.9293982786955002
330005,0.9192589000288924
330006,0.9395652822264219
330007,0.984471430506708
330008,1.0396117468669124
330009,1.0838737479670335
330010,1.1106819784733701
330011,1.1489046195570316
330012,1.2066972932764228
330013,1.247707927224234
330014,1.2612189700547296
330015,1.2454455735488879
330016,1.2101166262651974
330017,1.16031261937206
330018,1.0986965996980251
330019,1.0523369204493203
330020,1.0135755274946407
330021,0.9871163341845259
330022,0.982865939446225
330023,0.9768037166709014
330024,0.9595819728883583
330025,0.9398883035447546
330026,0.9110451271011591
330027,0.8677998030443796
330028,0.8428063792313905
330029,0.8552610156548185
330030,0.8966478366789052
330031,0.9525805959784466
330032,1.0436019005885886
330033,1.2167730915575639
330034,1.4580170383755522
330035,1.4223953172910955
330036,1.4889293804099928
330037,1.5080340480856744
330038,1.4861431988969704
330039,1.3849724507024777
330040,1.2783021081374248
330041,1.1926946534900325
330042,1.1093543591812205
330043,1.0528569948499042
330044,1.0054571611415324
330045,0.9835326218992345
330046,0.9672385128209747
330047,0.9350161461869166
330048,0.9021496876301004
330049,0.878039013115021
330050,0.8570894905122898
330051,0.8346804599490065
330052,0.8355697399150122
330053,0.855029637117347
330054,0.8668788533019398
330055,0.8748885919595315
330056,0.8831296137335657
330057,0.8982770116920947
330058,0.9192303131718231
330059,0.9428385220733853
330060,0.961132142514974
330061,0.9746372684995628
330062,0.9816749605362768
330063,0.9674306774004648
330064,0.955632067906284
330065,0.9466065736759278
330066,0.9438175117910572
330067,0.9576502288420023
330068,1.0003412770765105
330069,1.068178338502816
330070,1.12905608108101
330071,1.16626891623092
330072,1.1850002622806848
330073,1.203027756317226
330074,1.2201795638732587
330075,1.2369803322088033
330076,1.2605143585161886
330077,1.2764331661754837
330078,1.2936935854716538
330079,1.3002545202088003
330080,1.281621186584383
330081,1.2391135838819498
330082,1.169383884659606
330083,1.0879024607915146
330084,1.0085539075201362
330085,0.9311461077142744
330086,0.8645956274968415
330087,0.8146975212622617
330088,0.7787881947180733
330089,0.7593336453982853
330090,0.7626714252401843
330091,0.7920626689508973
330092,0.8389452154409753
330093,0.8905743044146519
330094,0.9459095330112369
330095,0.9969603346391025
330096,1.0324549009656772
330097,1.0623833124602322
330098,1.0804281974839653
330099,1.0846347525600504
330100,1.0894442390246717
330101,1.0960771210106484
330102,1.0963260790928055
330103,1.0935112144379973
330104,1.0842550579825878
330105,1.0645286701675192
330106,1.0338812953447851
330107,1.0050965084008143
330108,0.9863141659655318
330109,0.9697423227283765
330110,0.9503556379190243
330111,0.9344532555981978
330112,0.9259148651690791
330113,0.9189751120589125
330114,0.9225185633636457
330115,0.9337373150787496
330116,0.9525811759891581
330117,0.9813016976189607
330118,1.000697094469865
330119,1.014109859243245
330120,1.021638982762683
330121,1.0212263093355114
330122,1.00421362433636
330123,0.983415867472023
330124,0.9686309185835281
330125,0.965368631124457
330126,0.9678904164844652
330127,0.9712947451971607
330128,0.9743563664299706
330129,0.9809688000853616
330130,0.9888809532210975
330131,0.992159712347884
330132,0.9974638508335293
330133,0.9997561985755877
330134,0.9926552179329831
330135,0.9856629675873189
330136,0.9801563766503126
330137,0.9764118552840638
330138,0.9735397571317631
330139,0.9758447123946007
330140,0.9775271154172851
330141,0.9875652244677905
330142,1.0043269410755469
330143,1.0198779686983312
330144,1.0374116526666066
330145,1.0521237842166964
330146,1.0566265976533535
330147,1.0551924998756366
330148,1.0590165803047857
330149,1.0578537918040707
330150,1.053273466920165
330151,1.0543333637888346
330152,1.0596148557353522
330153,1.0633427259424597
330154,1.062841198680459
330155,1.0583513450168334
330156,1.0554183655073703
330157,1.0542286084271635
330158,1.0586471875144363
330159,1.0592034778327155
330160,1.0508634438062647
330161,1.0394256994950848
330162,1.0244483590862452
330163,1.0082976312334118
330164,0.9944340604443669
330165,0.985421123568173
330166,0.9797841624102157
330167,0.9798549926725236
330168,0.9758402076111465
330169,0.9675924103448121
330170,0.967632904203831
330171,0.9722446220312628
330172,0.9795414069827028
330173,0.9856258012835852
330174,0.9929472474220623
330175,0.993674746525601
330176,0.9928651543213818
330177,0.9962477642089429
330178,1.00329822350184
330179,1.0106035881566118
330180,1.019881727301587
330181,1.0318186993091376
330182,1.042653514003158
330183,1.0522085494005937
330184,1.056917743208022
330185,1.0540612792215964
330186,1.0456498303163244
330187,1.0305582991685744
330188,1.0135171211455918
330189,0.9985599365517234
330190,0.9870555104097226
330191,0.9818154958274432
330192,0.9813446597065798
330193,0.9828526934423945
330194,0.9796883843205384
330195,0.9702896988966672
330196,0.9635984141214643
330197,0.9623181383899297
330198,0.9605804209748356
330199,0.961168892383211
330200,0.9647736842471946
330201,0.9717489761779299
330202,0.981345328889012
330203,0.9908105311614955
330204,0.9982586291221829
330205,1.002431757625481
330206,0.9992211501396171
330207,0.9868417291398047
330208,0.9749400066810686
330209,0.9659199771719452
330210,0.9638645581283959
330211,0.966929820702334
330212,0.9660904362432904
330213,0.9627899936810368
330214,0.9646794756288609
330215,0.9689048156212839
330216,0.9791688624322101
330217,1.0009031000161976
330218,1.0218514924460615
330219,1.034302342420431
330220,1.0412490203544487
330221,1.0422970069866329
330222,1.0360188990092396
330223,1.0301805211378627
330224,1.033810883429934
330225,1.0446968732107267
330226,1.0554279648727831
330227,1.065850018708928
330228,1.0688154147972126
330229,1.0599786961350472
330230,1.0521829434582746
330231,1.0438443452666764
330232,1.0360827978837392
330233,1.0337974313095968
330234,1.0300429518003178
330235,1.0240184160368082
330236,1.0142373133499027
330237,1.0010970346712256
330238,0.9860977221242954
330239,0.9743616723674373
330240,0.967240284254923
330241,0.9636803672303852
330242,0.9624676779000803
330243,0.9620269203301584
330244,0.9663408622442731
330245,0.9680041917161545
330246,0.9711268202372895
330247,0.9717992578432865
330248,0.9740923064622337
330249,0.9809016394368273
330250,0.9826574198423891
330251,0.9847682743696992
330252,0.9930330075617775
330253,1.0052732984695798
330254,1.0147136002076604
330255,1.0211834776626108
330256,1.02604251462055
330257,1.0287352502087128
330258,1.02768408476214
330259,1.0240844006574914
330260,1.0204980152745846
330261,1.0161713720349226
330262,1.0135476942659498
330263,1.0142661692640327
330264,1.012719418584574
330265,1.0138197380565097
330266,1.0165250582908019
330267,1.0147906190936713
330268,1.017022973324138
330269,1.0221263236402693
330270,1.0247946136679968
330271,1.0271488112853175
330272,1.0224122758387268
330273,1.0150194509763069
330274,1.0032116343675261
330275,0.9931036615243665
330276,0.9859599409453218
330277,0.9777473358595646
330278,0.977406216453971
330279,0.981961776531927
330280,0.9928953604126016
330281,1.0107425622893298
330282,1.0252683872068795
330283,1.0350782469609303
330284,1.0397500178253285
330285,1.0322477510852583
330286,1.0125893462212874
330287,0.995321389141579
330288,0.9858934055853499
330289,0.989130235153172
330290,1.0039877888577162
330291,1.0211492795929067
330292,1.0323207855302845
330293,1.029627141455143
330294,1.019596336194565
330295,1.0144113369409367
330296,1.006410626167762
330297,1.002892445803283
330298,1.0058751152482888
330299,1.0054203190917836
330300,1.0059319932889998
330301,1.0065165533689486
330302,1.0067909344671213
330303,1.0033517380596202
330304,0.9991590884619233
330305,0.9941307435781207
330306,0.9867687611400794
330307,0.9788106396994455
330308,0.9739634590669592
330309,0.9755249096232511
330310,0.9865659604039826
330311,1.0022477756368307
330312,1.0162659023607143
330313,1.0211866786747401
330314,1.0184510172316046
330315,1.0117796569794681
330316,1.0024966251663263
330317,0.9934903565789595
330318,0.9841878763752611
330319,0.9728848098311369
330320,0.9716255793530331
330321,0.9845063261719182
330322,1.0047396641535125
330323,1.0240025654118459
330324,1.0373223265943987
330325,1.0414449401899302
330326,1.0358924147533557
330327,1.0217268969979905
330328,1.0030860333286846
330329,0.9822392005898131
330330,0.9694441220046228
330331,0.9696726988136258
330332,0.9755062171174271
330333,0.9859126861418803
330334,0.9992737999393149
330335,1.007045969067558
330336,1.0119964679167792
330337,1.012047690346091
330338,1.0060389549398647
330339,0.9966018318272645
330340,0.983893082079886
330341,0.9776660815706818
330342,0.9877005407505409
330343,1.0028546028019054
330344,1.0154492662917394
330345,1.021785136674106
330346,1.022504640376655
330347,1.0240153779198886
330348,1.0216940312280207
330349,1.0217825467397308
330350,1.0196196003520182
330351,1.0139652132792123
330352,1.0106830050929885
330353,1.0079071404549005
330354,1.0058731320051493
330355,1.0090831320358011
330356,1.0192341325892378
330357,1.0333075261055875
330358,1.0418425261917517
330359,1.043878518033853
330360,1.0363882378726523
330361,1.0209215706865729
330362,1.0090786694985954
330363,1.0059378884977779
330364,1.0059644426636252
330365,1.0073187386904092
330366,1.0135368479346532
330367,1.0201961422415968
330368,1.0262808044279794
330369,1.029000289662104
330370,1.0224676097827052
330371,1.0102641436775814
330372,0.9959581485010999
330373,0.9861894865375995
330374,0.9845660349274897
330375,0.9883122718459906
330376,0.9936219834040788
330377,0.9967830411786116
330378,0.9972739719220115
330379,1.0021224149614447
330380,1.0081219388702247
330381,1.0109354341211687
330382,1.0110643817771559
330383,1.0023931863552435
330384,0.9920307932322937
330385,0.9899518273661082
330386,0.9869580378389752
330387,0.9845818670497611
330388,0.9842864283619254
330389,0.9851290791434131
330390,0.9887975554556813
330391,0.9942385720358509
330392,0.9982107109885271
330393,1.0051760326816204
330394,1.0129420580845399
330395,1.0175758299325772
330396,1.0213118399700707
330397,1.0218713424692623
330398,1.0183552325442118
330399,1.0085138369460616
330400,0.9955018664529177
330401,0.9844833888636338
330402,0.9795789577980968
330403,0.9821091111636625
330404,0.9873870600410828
330405,0.9848714583704735
330406,0.9776392040110592
330407,0.9686040044857253
330408,0.9662311248461305
330409,0.9715134896663704
330410,0.9834108433561247
330411,0.9997567618136589
330412,1.0189641256909885
330413,1.032326330214894
330414,1.0434251179275356
330415,1.050113827853935
330416,1.0505424755800687
330417,1.0455905910264327
330418,1.0384431143323212
330419,1.0337781020609933
330420,1.0284175303821104
330421,1.022267121259974
330422,1.0193640074590014
330423,1.0158294647296284
330424,1.0137628452920953
330425,1.0131466707143009
330426,1.0074487575425422
330427,1.0006244732189624
330428,0.9913761703532612
330429,0.9831154654360187
330430,0.9836370025821386
330431,0.9856888070589311
330432,0.9841756777351427
330433,0.9834652138618616
330434,0.980439652171686
330435,0.977894307966589
330436,0.9766792498180106
330437,0.9805867868067688
330438,0.9911958028549286
330439,1.007358413842585
330440,1.0236873616314122
330441,1.0361110110150973
330442,1.0390069382465166
330443,1.0370924885635864
330444,1.0337907300143232
330445,1.0278486623120755
330446,1.02655513816038
330447,1.0203421565491575
330448,1.0137546842897311
330449,1.0105712977668257
330450,1.0119616452107052
330451,1.0153141396503558
330452,1.0190105877480784
330453,1.0188698423917613
330454,1.0175585069888624
330455,1.0120812334225069
330456,1.0004168786791783
330457,0.9887238066897404
330458,0.9814465686448443
330459,0.9757346584279355
330460,0.9739546547582673
330461,0.9782088546230576
330462,0.9914530606356161
330463,1.0018796904322704
330464,1.0057727431517132
330465,1.0086609398056539
330466,1.0071886613280552
330467,1.0042316605373633
330468,1.0040864775722322
330469,1.0003237896269213
330470,0.9986451568732118
330471,1.00276316766561
330472,1.0069922081731166
330473,1.0095623250262677
330474,1.0114892935049529
330475,1.0157684887339111
330476,1.017968349743067
330477,1.018901869675129
330478,1.021320450327439
330479,1.0245786965049801
330480,1.0244439647308732
330481,1.015320350961001
330482,1.004825369126331
330483,0.9933848722834913
330484,0.9857105036370022
330485,0.9840833762024266
330486,0.9858266620312092
330487,0.9862285083330476
330488,0.9869334962114074
330489,0.9873470876005405
330490,0.9867093960425497
330491,0.9863745085980211
330492,0.9875717306605291
330493,0.9912064590963658
330494,0.9961303285820071
330495,1.0029613519821912
330496,1.0058635524088955
330497,1.0091743333621712
330498,1.0081554252650344
330499,0.9986794450267892
330500,0.9897068616480994
330501,0.9877201314868225
330502,0.9891467962973749
330503,0.9961361531273455
330504,1.0081099316874105
330505,1.0309807871236703
330506,1.0508824339838356
330507,1.069662385802487
330508,1.0841210839694562
330509,1.0922255061722506
330510,1.0884038079246718
330511,1.0722187203300093
330512,1.04492492864733
330513,1.0175267841993265
330514,0.9937942657765197
330515,0.9778639986229692
330516,0.9669011724452214
330517,0.9674565813489259
330518,0.9733455821599443
330519,0.9761270267385784
330520,0.9743818010696309
330521,0.9721897456662946
330522,0.9693000784566447
330523,0.9653161214724361
330524,0.9612054646257098
330525,0.9576116230188539
330526,0.9616038376491899
330527,0.9726968801296663
330528,0.9920385125189612
330529,1.012524117283553
330530,1.0250472349838549
330531,1.0270341079731782
330532,1.0251983199990247
330533,1.0177809923532508
330534,1.0114769143730415
330535,0.999217348539564
330536,0.9845781785979542
330537,0.9682378523112374
330538,0.9612430009593701
330539,0.9694666982493387
330540,0.9992490516704818
330541,1.0345498784306582
330542,1.0540075445912036
330543,1.059848723442949
330544,1.0710041501632754
330545,1.0674945693393
330546,1.0623851608438784
330547,1.062157767765768
330548,1.0526182412740246
330549,1.057304143257021
330550,1.0666547216596838
330551,1.059182683845325
330552,1.0515803451471075
330553,1.0419687065805527
330554,1.029791000936571
330555,1.0123114705663503
330556,0.9973687031113998
330557,0.9855835174211672
330558,0.9790560780986015
330559,0.9798575231762783
330560,0.9817583525499491
330561,0.9843984504822335
330562,0.9899128013413183
330563,0.9899902422536905
330564,0.9762257101336678
330565,0.9447131997317395
330566,0.9036619152648704
330567,0.867169571435593
330568,0.8248441154803806
330569,0.8100532782485426
330570,0.8177842223590785
330571,0.8265281223681951
330572,0.8617243962165609
330573,0.9153051490727014
330574,0.9549764979399206
330575,0.9915765898281593
330576,1.0378732209887427
330577,1.0870281274876668
330578,1.1264454215111175
330579,1.1442675878797872
330580,1.139340939935542
330581,1.0917894142643205
330582,1.0208827352146386
330583,0.9547703723498373
330584,0.9103509475732121
330585,0.8876902736965648
330586,0.8703542398749972
330587,0.8645247269501464
330588,0.8717188240274913
330589,0.8657849813027466
330590,0.8646762892153933
330591,0.884110466199478
330592,0.9044879576016381
330593,0.9527094178784383
330594,0.979431940029567
330595,0.9566603585387072
330596,0.9562626338319723
330597,0.988444540632539
330598,1.0206906782242482
330599,1.0345892796381027
330600,1.0498922979037288
330601,1.0907449484944807
330602,1.1335997882466295
330603,1.1630250582948893
330604,1.1890971713284058
330605,1.211824257787015
330606,1.194135215759972
330607,1.1363153788614595
330608,1.0957276853445412
330609,1.100090549279261
330610,1.1207602930014198
330611,1.1393248538727416
330612,1.1511454354512882
330613,1.152948079716964
330614,1.1551425592465008
330615,1.1591864791958777
330616,1.1344774538119156
330617,1.061066419015353
330618,0.9980036701454759
330619,0.9713707919323712
330620,0.979781175338405
330621,1.0017990883670227
330622,1.0400110215226122
330623,1.0612956893283239
330624,1.0352531405754557
330625,1.0061830463971442
330626,0.9755903743665915
330627,0.9266924819992466
330628,0.8744508850189018
330629,0.810953982934257
330630,0.7686731666455611
330631,0.7821123315684113
330632,0.8299700349667412
330633,0.8750210363283967
330634,0.937950025892386
330635,1.0139967324579762
330636,1.0699221587084968
330637,1.1025045018231916
330638,1.117582428092899
330639,1.1276954335375797
330640,1.1427163370608335
330641,1.1535855974550393
330642,1.142152363463231
330643,1.1205242456865525
330644,1.1036217294590223
330645,1.0926518559041918
330646,1.0717530532378374
330647,1.0344925229192263
330648,1.0009055468326096
330649,0.9749377440223632
330650,0.9766550510180755
330651,0.9867249201751952
330652,1.0144945716167089
330653,1.0428751211877163
330654,1.0645347159289504
330655,1.0804136836710188
330656,1.0848440312030536
330657,1.0752456755670692
330658,1.0573117451545504
330659,1.0401251872539743
330660,1.0209243756978983
330661,1.0107393156462339
330662,1.014770527773925
330663,1.017788119554264
330664,1.0239665535398066
330665,1.0343859485319775
330666,1.0368070864557222
330667,1.0293386834727083
330668,1.0190598137344753
330669,1.0170759405210488
330670,1.0193226239304718
330671,1.0043384303826892
330672,0.9672229551634578
330673,0.9405901181309376
330674,0.9477267728200646
330675,1.4356721769033305
330676,1.3524459031278389
330677,1.2830728715351305
330678,1.1133292510952808
330679,0.9422584126692382
330680,0.9787819972359694
330681,0.9582211236793163
330682,0.962405006147599
330683,0.9860535017431896
330684,0.9323184840700337
330685,0.945144694582919
330686,1.0535623824205345
330687,1.092989368108763
330688,1.0643450032451267
330689,1.0369428451105132
330690,1.0490142917438572
330691,1.0571020709897916
330692,1.0375933447355563
330693,1.034717917418088
330694,1.0260624602195827
330695,1.0044861151602384
330696,0.9738678072282129
330697,0.977168523861072
330698,0.99210566754399
330699,0.9660516098880876
330700,0.9616787502825876
330701,0.9832105085313927
330702,0.9931864189718704
330703,0.9888014829441614
330704,0.9953729065340254
330705,1.0059087988831
330706,1.0157354946964532
330707,1.022892503827726
330708,1.0353571476414194
330709,1.0163266126648705
330710,0.9795650416337476
330711,0.9634731237468833
330712,0.961816334479929
330713,0.9557622618433493
330714,0.9537748649387022
330715,0.9609410826928333
330716,1.0649094894931284
330717,1.0548851126077374
330718,1.0526081861733696
330719,1.0297760320922156
330720,1.0245787485441413
330721,1.027667660040303
330722,1.0126248381600516
330723,0.985293898487781
330724,0.9862467083045804
330725,1.004033364628234
330726,1.0109767147612176
330727,1.0066234929203792
330728,1.0093545897977199
330729,1.0144809980808338
330730,1.0133714968158736
330731,1.0218886125803324
330732,1.0168953046573208
330733,1.0317751139499132
330734,1.0479105646599287
330735,1.0389397550223693
330736,1.0269253236978535
330737,1.0124440071040097
330738,0.9921187535164916
330739,0.968737868696441
330740,0.976718996621505
330741,0.9736161076318868
330742,0.9851607842392077
330743,1.0002192787924171
330744,0.8923846560492773
330745,0.9620861164637561
330746,1.0045923157445813
330747,1.0204033364655747
330748,1.0557027784529895
330749,1.071153472641184
330750,1.0349859583433143
330751,1.0038577340097394
330752,1.0331938173942083
330753,1.0640668003920342
330754,1.035744820131419
330755,1.0227688729402113
330756,0.9851506208380738
330757,0.9250999775324552
330758,0.9279743995866266
330759,0.9375411087947328
330760,0.9549973092621309
330761,0.9652156628244536
330762,0.9753320744809303
330763,1.0111089651384138
330764,1.0784723437806474
330765,1.1154817068497251
330766,1.1177213054599986
330767,0.9539950461654193
330768,0.9456941706264214
330769,1.0431596805796166
330770,0.9269144803355743
330771,0.9502013937470314
330772,0.9729214321383477
330773,0.9692098370757531
330774,1.0352526649073268
330775,1.1011011378345053
330776,1.1413071076629966
330777,1.1505604703176626
330778,1.1441586913568969
330779,1.1376311109093447
330780,1.1284374862008066
330781,1.0998890619111923
330782,1.0798304562270613
330783,1.0878587283427148
330784,1.0993032326772685
330785,1.101498380550899
330786,1.0931445666383044
330787,1.0778295714293347
330788,1.0584594038228474
330789,1.0436998772194848
330790,1.0297803030808586
330791,1.020624104631628
330792,1.0002130944012744
330793,0.9647012930695866
330794,0.940743279560209
330795,0.9315674008777511
330796,0.9344303597820333
330797,0.9535456595345658
330798,0.9832118095454673
330799,0.9997963614172078
330800,0.9953928952501471
330801,0.9758054862837903
330802,0.9551535507854654
330803,1.0213620344398482
330804,1.1335928210708839
330805,1.099234313018427
330806,1.0494875455475305
330807,1.0303657842894665
330808,0.9888018815906106
330809,0.936681869528873
330810,0.8875775318097181
330811,0.8451158565039543
330812,0.856485228195564
330813,1.3049768488219369
330814,1.5245019648652085
330815,1.884518462612449
330816,1.5913472647151257
330817,1.056984199174039
330818,0.8695253888086452
330819,0.83471568532347
330820,0.7905612991867902
330821,0.7807131081765177
330822,0.7936505882691562
330823,0.8313215476697109
330824,0.8830586894272336
330825,0.9164605333656821
330826,0.9811085210900403
330827,1.0843788022200025
330828,1.1339123637898758
330829,1.112301570366334
330830,1.094550027807891
330831,1.0894737877233551
330832,1.0706413480202048
330833,1.113990175457952
330834,1.0543172478915843
330835,0.9399013794389746
330836,0.8894977564978913
330837,1.0829052985159187
330838,1.090630478933995
330839,0.9842318903166897
330840,0.944394236686223
330841,0.9286047368845489
330842,0.9324253341804811
330843,0.9643866335987769
330844,0.9066022183843533
330845,0.9365646854919432
330846,1.0487512214222512
330847,1.1497643978247198
330848,1.203771751177645
330849,1.187928881690871
330850,1.1336034604176888
330851,1.0681460415348305
330852,1.0434393983903216
330853,1.073121962048322
330854,1.0198699811638312
330855,0.7788349114279342
330856,0.7036633877381605
330857,0.8582656907432272
330858,0.9502554084988318
330859,0.9900968790528174
330860,1.0079004196003103
330861,0.9819579066904386
330862,0.9684033366040494
330863,0.9715770003437473
330864,0.9256323058794995
330865,0.8593828364849421
330866,0.8356114237852471
330867,0.8392907786780416
330868,0.8481232433744091
330869,0.8780272339994853
330870,0.922677506199767
330871,0.9717895833845985
330872,1.0154766877712742
330873,1.027841054419193
330874,1.0530617361750336
330875,1.079733710988158
330876,1.1463566560497411
330877,1.1893252425750163
330878,1.176167560577873
330879,1.1554393586685436
330880,1.1631262382496437
330881,1.1609352527663404
330882,1.1346811332451128
330883,1.1029723210899443
330884,1.0793765371474724
330885,1.066594668089989
330886,1.0819974605245617
330887,1.1016503433870561
330888,1.0880303552102335
330889,1.0451411573104374
330890,1.0115865246794846
330891,1.0018587377029902
330892,1.0011509584070015
330893,1.0005468452156419
330894,1.003572798940025
330895,1.002545359489735
330896,0.9974318582306408
330897,1.0024449239920887
330898,1.0293955589351187
330899,1.039480567126916
330900,1.033897234016554
330901,1.0136398360209238
330902,0.9972380726770237
330903,1.0067559694034547
330904,1.0174123545268383
330905,1.0247355532587128
330906,1.025500639281659
330907,1.013867774815133
330908,0.9972915391145657
330909,0.9885241712683734
330910,0.9782965297268068
330911,0.9851233869863744
330912,1.0044588312737026
330913,1.0182495599655343
330914,1.0067004374855717
330915,0.9770296849695118
330916,0.9726688242246967
330917,0.990195727511143
330918,1.0083721727908803
330919,1.0096222476650367
330920,0.9976548607300515
330921,0.9703145229133076
330922,0.9687627680479304
330923,0.9880640515442648
330924,1.0274377250025313
330925,1.0557787471860902
330926,1.047428965120595
330927,1.0062321192158954
330928,0.9928880496006317
330929,0.9890071180790828
330930,0.9709226009486843
330931,0.9809853036783301
330932,0.9738041302318102
330933,0.9455869640518193
330934,0.9411004592999387
330935,0.9632122909084797
330936,0.9803288678676872
330937,0.9873001377272551
330938,1.0038648684485363
330939,1.0286028302736583
330940,1.0250865416139108
330941,1.0325464952387011
330942,1.03670657558325
330943,1.0477883342293988
330944,1.0355871775724643
330945,1.0124377925201264
330946,0.9910419792250463
330947,0.9943257767891172
330948,1.0271618392160349
330949,1.0393844080973806
330950,1.0258459461959866
330951,1.0106785770339448
330952,1.00811567269944
330953,1.0049023114287607
330954,0.997388411386189
330955,1.0271436915539158
330956,0.9940627341352992
330957,1.006226324650138
330958,1.036819829321639
330959,1.0401416282494964
330960,0.9779956678468813
330961,0.956100002638099
330962,0.9620183197151665
330963,1.0075520155246387
330964,1.0300022208937958
330965,1.011261542237472
330966,0.995165799954485
330967,0.9875581723208467
330968,1.0013630554654513
330969,1.0026158703832038
330970,0.9984647892778745
330971,1.0033769650214313
330972,1.0080750642249143
330973,0.9942030892908397
330974,0.9862849963786608
330975,1.0059727167418102
330976,1.027714802021152
330977,1.0308383066590932
330978,1.0432470578526947
330979,1.0532900137003363
330980,0.9374911666742058
330981,0.9844636035204406
330982,1.0094124757062568
330983,1.0039025190206137
330984,0.996027713578176
330985,1.005605284647886
330986,1.0333834709998977
330987,1.0488050361041878
330988,1.0423243094120482
330989,1.0276064851800044
330990,1.0267079585679777
330991,1.0345051770368308
330992,1.0391121491467978
330993,1.0742555526367914
330994,1.017346267063044
330995,0.9730502315947266
330996,0.9855140265241997
330997,0.9777522161957645
330998,0.9741795326333589
330999,1.0636112885962865
331000,0.9573034728935962
331001,0.9226115007857971
331002,1.0109484099356967
331003,1.0026585105286376
331004,0.8950194460540498
331005,0.8605983042846761
331006,0.8956859129679757
331007,0.9453827378931338
331008,0.9488464945663565
331009,1.018131075778775
331010,1.0998681478130374
331011,1.1477940056720033
331012,1.1223998267567576
331013,1.0806569365532412
331014,0.9487638349845232
331015,0.9302437577227359
331016,0.9573065445735593
331017,0.971389597452933
331018,0.9928039214998018
331019,1.0189224041838196
331020,1.0184427189065925
331021,1.0183699260603325
331022,1.0953095289297528
331023,1.1553029980025606
331024,0.9885327169787964
331025,0.9923348318604188
331026,0.9767367138440314
331027,0.9982271278968015
331028,1.0648329036530035
331029,0.9921203689364453
331030,0.9880203530078617
331031,0.9972670186644176
331032,0.9994633753312865
331033,1.0097544794463633
331034,1.0459530584157908
331035,1.0298514368559748
331036,0.9715035094315979
331037,0.9823661622741371
331038,0.9587058370057255
331039,0.9764283619786043
331040,1.0135080228295998
331041,1.050977555403695
331042,1.0616031851901546
331043,1.0252872022060953
331044,1.010430219783555
331045,0.9675993359791147
331046,0.9457636459348991
331047,1.000052901564656
331048,1.0306355943818077
331049,1.0635957863431484
331050,1.0423969348119144
331051,0.9631812218605253
331052,0.9939457572636927
331053,0.996058468217196
331054,0.9983329458613156
331055,1.025554230444513
331056,0.9955334851348935
331057,0.9541616830850095
331058,0.9628066230368293
331059,0.9860764992192068
331060,1.0220328840433088
331061,1.0400621280664557
331062,1.0479134315168792
331063,1.0399582819169877
331064,1.0340589974306018
331065,1.0257775885568556
331066,1.0088572855274518
331067,1.0144995492037436
331068,1.0086769940036093
331069,1.005027910314153
331070,1.0081181463536217
331071,0.9970809290756917
331072,0.9944451743634173
331073,0.9999541450488699
331074,1.0085367653987176
331075,1.013317127160647
331076,1.000673718346488
331077,0.9975112905224107
331078,0.9911774561540645
331079,1.0089545342721296
331080,1.0040451586392587
331081,0.9926995984291415
331082,0.9748784587973597
331083,1.001072799545598
331084,1.0232519910302336
331085,1.0009059821808362
331086,0.9907013220814262
331087,0.9789998620442028
331088,0.9560527623715369
331089,0.9777807830990145
331090,0.9905907587538183
331091,0.9955854527302803
331092,1.006013970508305
331093,0.9995296172210613
331094,1.028004117341671
331095,1.0353875768822507
331096,1.0334318262592028
331097,1.0310343970572902
331098,1.0285286738703068
331099,0.9972984846137071
331100,0.9998780429734305
331101,1.0056586216844037
331102,0.9819068907431702
331103,0.9520574928524104
331104,0.9930808995789482
331105,1.0206336645387746
331106,1.009861923990056
331107,1.034948302133541
331108,1.00806117940238
331109,0.9972784960368546
331110,0.9921985880446195
331111,0.9923848165748239
331112,1.0010783293792889
331113,1.0059805432502953
331114,1.0024986898738162
331115,1.0212802686465885
331116,1.0170136275283328
331117,0.9861954822910854
331118,0.9904023147741178
331119,1.0143481614317993
331120,1.0165667658465538
331121,1.0187775634568486
331122,1.019690736472092
331123,1.013371657187245
331124,0.9974702643333199
331125,0.9928284458262032
331126,1.008837614132802
331127,0.9858639151122282
331128,1.0656895207039498
331129,0.9879378794927794
331130,0.9729359562833428
331131,1.0182497775333512
331132,0.9256607313720383
331133,0.9795605940098435
331134,1.0088605746913124
331135,0.9998704298509133
331136,1.0128874805639223
331137,1.019291974472953
331138,1.0206161483727487
331139,1.0158703950004653
331140,1.0014033746244693
331141,1.00259991687229
331142,1.010608229767091
331143,0.9974654001750874
331144,0.9890765150383818
331145,0.9921162087583028
331146,0.9865658316653787
331147,0.9809798720536042
331148,0.9942383275520532
331149,1.0058482457674853
331150,1.0095544916912558
331151,1.0153531923535246
331152,1.0095452143268353
331153,0.9988494764236342
331154,0.9929134972737084
331155,0.9871279779320283
331156,0.9793557374372366
331157,0.9882103149821028
331158,1.0159542862382254
331159,1.0221368027457984
331160,1.0161227268667195
331161,1.0070657221608983
331162,1.0023537417234911
331163,0.9995937572312377
331164,1.0035952554139798
331165,1.0129542454273632
331166,1.0242279625088413
331167,1.0227610855493448
331168,1.0133969784285262
331169,1.0119818897327453
331170,1.015600069707471
331171,1.0152654233667344
331172,1.0073576995353934
331173,1.0264695413224492
331174,1.0129651743072794
331175,1.0057422406547387
331176,1.0003870992708246
331177,0.9952592830170981
331178,0.9981853569597093
331179,0.9707955134394394
331180,1.0489051602308346
331181,0.9929883629421126
331182,0.998597233738334
331183,0.9850947838956998
331184,0.9739809495936886
331185,0.9885755910348567
331186,0.9955125517935351
331187,0.9970695999294279
331188,0.9940010167865178
331189,0.9974887145863588
331190,1.0058336732645445
331191,1.018048286048032
331192,1.034680129938814
331193,1.0180844140689975
331194,0.9948185156872835
331195,0.9950285533762192
331196,0.9966018661700712
331197,0.98979682714706
331198,0.9942480538158374
331199,1.0038308889262442
331200,0.9968614519450147
331201,0.9939402005142305
331202,1.003989663582874
331203,1.0246779713963103
331204,1.0271537256231658
331205,1.0042386823078353
331206,1.0095113526588904
331207,1.0034885425762778
331208,0.9945154103070674
331209,0.985786403593445
331210,0.9908730383128853
331211,1.0311465891101173
331212,1.0568119923057875
331213,1.0219081486037658
331214,1.0100694216435788
331215,1.0233700039315468
331216,1.019932822294191
331217,0.9991195822156133
331218,0.9876999900851188
331219,0.9891971843043359
331220,0.9913158080571582
331221,0.9905425097586856
331222,0.9868504568139896
331223,0.9912479976246586
331224,1.0084853450203815
331225,1.0151042962871373
331226,1.0139494988460527
331227,1.0070235790240927
331228,0.9993479357604429
331229,1.004063274505572
331230,1.0008554395803078
331231,0.9925507113920787
331232,0.9924578388739813
331233,1.0039556212614165
331234,1.0091622850592799
331235,1.0103067222477056
331236,1.00897296847565
331237,1.007160390830404
331238,1.0075842729240274
331239,0.9974470121658292
331240,0.9907020419351162
331241,0.9983149652973733
331242,0.9909243613360498
331243,0.9803575146551
331244,0.9885092546960138
331245,1.011155582281761
331246,1.0211477998171263
331247,1.015546582018941
331248,1.0094308714463374
331249,1.011012451347481
331250,1.0168473859637968
331251,1.0147907349594136
331252,1.0090594037925666
331253,1.0079245557006857
331254,1.0054498321367789
331255,0.997486218540472
331256,0.9940356569670523
331257,0.9956843368073515
331258,0.9956848924106029
331259,0.9966952978190353
331260,0.9970309090230757
331261,0.9943123724828886
331262,0.9900818208552707
331263,0.9923177348760793
331264,1.0120797554565957
331265,1.0332321189289784
331266,1.0342825235320499
331267,1.0074296745622935
331268,0.9868328089816025
331269,0.988481039063674
331270,0.9948678506820812
331271,1.0041483254878658
331272,1.0079948060335413
331273,1.007819460666446
331274,1.0083163018914036
331275,1.0071830463366436
331276,1.0092649079586942
331277,1.0115289983091988
331278,1.0086445050512702
331279,1.014054152472903
331280,1.0136887148375264
331281,1.002692212472053
331282,1.0000611176896723
331283,0.9981846239590083
331284,0.9953025699242515
331285,0.9982791761394537
331286,1.0108476706992215
331287,1.023523800929508
331288,1.0235604478972193
331289,1.0094069594676613
331290,0.9979500182346718
331291,0.9969691321887727
331292,1.005199426633057
331293,1.004802527918447
331294,0.9885017062906688
331295,0.9942160806799155
331296,1.0038112025315629
331297,1.0015408791860019
331298,0.9958653466303816
331299,0.9956483777908401
331300,1.0009366168216036
331301,1.0069243559229997
331302,1.010812025145306
331303,1.008109758238243
331304,1.0081272651367332
331305,1.0092588064487296
331306,1.01357242350406
331307,1.0112507645178768
331308,1.0010591419395651
331309,0.9932696645946012
331310,0.992449926252461
331311,0.990746649399423
331312,0.9923279960349152
331313,0.9972514898392547
331314,1.0008516425594554
331315,1.0008007185860335
331316,0.9988072743876413
331317,0.9981805375722843
331318,0.9991523554852166
331319,1.0018441702671066
331320,1.003567290623405
331321,1.0020058677968282
331322,1.001151661444623
331323,1.0037932681405555
331324,1.0024640260300706
331325,1.0030127930126607
331326,1.001649020104187
331327,1.0008512320792826
331328,1.0017555393582558
331329,1.001112291042641
331330,0.9985660903774507
331331,0.995451276577844
331332,0.999164846649091
331333,1.0052141705824882
331334,1.005636003492334
331335,0.9983974483080172
331336,0.9964794750281942
331337,0.9960938702611289
331338,1.0030838740827956
331339,1.0091714966142398
331340,1.008413003075245
331341,1.0021287261581548
331342,0.9973298086807546
331343,0.9914007525436278
331344,0.9938308117374166
331345,0.9985688301788033
331346,1.0045433097670013
331347,1.0076072737118649
331348,1.0099569361726768
331349,1.0093752022774762
331350,1.006317154057917
331351,1.0037132643123186
331352,1.0096449709580129
331353,1.0096709063559457
331354,1.006937404930021
331355,1.0145757720745148
331356,1.0265728630316893
331357,1.0310658217952773
331358,1.0277584263639885
331359,1.018752512392101
331360,0.9999901639046691
331361,0.9877024769169581
331362,0.9861427152927491
331363,0.9917882690801901
331364,0.9976902152290041
331365,0.9981402957178108
331366,0.991591884668372
331367,0.9876487344252344
331368,0.9900202616078355
331369,0.9935585530698735
331370,0.9940289115389636
331371,0.9934296391204762
331372,0.9960956172598372
331373,0.9984724506611612
331374,0.9978867958133207
331375,1.0009398037278487
331376,0.9997956192345341
331377,0.9974318460922742
331378,0.9954671897012993
331379,0.9978201201706757
331380,1.0019393711047706
331381,0.9995708444594219
331382,0.998898547183833
331383,1.0015528687636672
331384,1.0055361814143684
331385,1.0092317334874559
331386,1.008861262317218
331387,1.0045586853121717
331388,1.0015423925803888
331389,1.0080201704108147
331390,1.0162978796294744
331391,1.0190415982135281
331392,1.0143001757732377
331393,1.008090601968234
331394,1.0045369562591682
331395,0.9968149347814094
331396,0.996055860476643
331397,1.0053362125878351
331398,1.0082633085422874
331399,1.001370115021968
331400,0.9947948340815737
331401,0.9997524340597681
331402,1.0063644162077583
331403,1.0065534756934542
331404,1.0076055065810043
331405,1.0093970864440158
331406,1.0094306150728694
331407,1.0061771235838937
331408,1.0020356941314197
331409,1.00032078731206
331410,1.0052093763239998
331411,1.014326803917551
331412,1.023655210791106
331413,1.0230172100550974
331414,1.0114763515613017
331415,1.0039149120018347
331416,1.0061700138710834
331417,1.006249739535073
331418,0.997772669263388
331419,0.9919622326988816
331420,0.9883735130944251
331421,0.987178832318468
331422,0.9945548031824266
331423,0.9981560065378018
331424,0.995015551652437
331425,0.9931117462953327
331426,0.996801590925904
331427,1.0051135751882379
331428,1.0070973630635576
331429,1.0013725283781463
331430,1.0006729885645753
331431,1.004482579069413
331432,1.0068941772425832
331433,1.0030118091237472
331434,0.9997287106117336
331435,0.9970936782977861
331436,0.9953736102609796
331437,0.999073787648152
331438,1.0019578944059262
331439,1.006132800012298
331440,1.0072644531939152
331441,1.0039012284700624
331442,1.0046192418765376
331443,1.006881324460096
331444,1.0101849981649655
331445,1.0059702837546673
331446,1.0005088851039623
331447,1.0011144025612024
331448,1.004684977779478
331449,1.0085411013990486
331450,1.0098456957657929
331451,1.005677046153028
331452,1.0002807596983472
331453,0.9971947047131484
331454,0.9940573251315077
331455,0.9938279371675245
331456,0.9991809492635647
331457,1.0051946853469265
331458,1.010564056193473
331459,1.0141165058851087
331460,1.0070760153486202
331461,1.000808655682224
331462,0.9969206278715453
331463,0.9943036624203277
331464,1.003009967158541
331465,1.0177172606433993
331466,1.0292335388749656
331467,1.0247612468050566
331468,1.016358762584886
331469,1.0088497595515593
331470,1.0052139566786968
331471,1.0020624812394556
331472,1.0006156126384076
331473,1.0007135298016632
331474,0.9993814399552673
331475,0.9973346573920397
331476,0.9969534227496548
331477,0.9995215112181303
331478,1.0021503717461064
331479,1.0016159282389565
331480,1.001333000756706
331481,1.002397670641862
331482,1.0018401510979107
331483,1.0012277862421066
331484,1.0014905733293447
331485,0.9985244832016429
331486,0.994362605855055
331487,0.9953404080052339
331488,0.9992720696809445
331489,1.0013218846944762
331490,1.0056804526783152
331491,1.0857714673599466
331492,1.2358851416962686
331493,0.9945446461169019
331494,1.1301276282578152
331495,0.848749991805678
331496,0.966622873624589
331497,1.0854636894708087
331498,1.161216579821289
331499,1.0713379086153285
331500,0.991236696824664
331501,1.168381114534749
331502,1.2092222918876498
331503,1.0893446791604837
331504,0.9823966361969316
331505,0.9778781049490266
331506,1.0139891241929218
331507,1.0016353508292564
331508,0.9544509387846029
331509,0.9185998706434061
331510,0.9387141742156814
331511,1.1927369672193084
331512,2.3625212161011726
331513,0.7580717392429843
331514,1.8120180075029286
331515,0.7653129030324343
331516,0.9716250984154915
331517,1.3897692400993962
331518,1.4523425047112688
331519,1.1715678136261294
331520,0.9840877878884385
331521,0.9596044651280276
331522,1.0058988740489436
331523,1.064382547698557
331524,1.02023195902969
331525,0.9734486442300365
331526,0.9744019634059957
331527,0.996212554255992
331528,1.0078077631523017
331529,1.0022648580620173
331530,0.9945543428140635
331531,0.9884546331838491
331532,0.9915166376405447
331533,1.0005531501778018
331534,1.0061221217059813
331535,1.0068023024591668
331536,1.0044130591119462
331537,1.0013390890600329
331538,1.0006372474461305
331539,1.0024928661800734
331540,1.0053200916074272
331541,1.0060627433126252
331542,1.006282569690609
331543,1.0056922585119894
331544,1.0021736955368488
331545,1.0007064117509745
331546,0.9992801881922321
331547,0.9963437441023202
331548,0.9945184447796883
331549,0.9939636882652635
331550,0.9903974311836531
331551,0.987680932299177
331552,0.9925327311709883
331553,0.9967669431564802
331554,0.9946567252243091
331555,0.9929782861064855
331556,0.9945323665025292
331557,0.9985272084271932
331558,1.001943185498571
331559,1.0042416761554862
331560,1.0038230146930338
331561,1.0033372518230046
331562,0.9977854577163249
331563,0.9943208284050612
331564,0.9963353382985543
331565,1.0010519932028763
331566,1.0068597893660034
331567,1.0127441493106506
331568,1.012918995926261
331569,1.005743858616075
331570,0.9998000274934501
331571,1.0026124064201865
331572,1.0061013261752245
331573,1.0101472515762346
331574,1.0253041498868205
331575,1.036723904445946
331576,1.0329421676983515
331577,1.026167840567624
331578,1.0191937794472692
331579,1.0151938143229262
331580,1.0113580819843089
331581,1.004794441050111
331582,0.9985666047392667
331583,0.9959880482931898
331584,0.9967830673398028
331585,0.9981990374414034
331586,0.999235575583143
331587,1.0009225414399525
331588,1.002645736741838
331589,1.0036959212112033
331590,1.004198480929666
331591,1.001381278445761
331592,0.9998982407299141
331593,0.999336347723018
331594,0.9988608860799683
331595,0.9984682436117785
331596,0.9981522614124029
331597,1.0014795320169314
331598,1.0036581375026776
331599,1.0003046024941638
331600,0.9966660226578119
331601,0.9934257589913791
331602,0.9935165202314581
331603,0.9991133479055883
331604,0.9987284683072478
331605,0.9955962632246187
331606,0.9947739674664677
331607,0.9976917264132056
331608,1.004696531819709
331609,1.0062964958289018
331610,1.0086495499416812
331611,1.0135425562543687
331612,1.0152755477694448
331613,1.0119890918261745
331614,1.0075943798821307
331615,1.003161858152794
331616,1.0034653862425436
331617,1.0070202870970795
331618,1.005713009948879
331619,1.0024890110271687
331620,1.0021968625494162
331621,1.0018043567962205
331622,0.9961665659824265
331623,0.9938564262010693
331624,0.9987524105202649
331625,1.0044516912022694
331626,1.0058818588938279
331627,1.002695811418594
331628,0.9964250621317876
331629,1.0048129256221858
331630,1.146983790922135
331631,0.939070980884455
331632,0.969806628460954
331633,1.012972943572226
331634,1.0484284808546245
331635,0.9738787599404827
331636,1.0107377496797005
331637,0.9707823709976162
331638,0.978718919013507
331639,0.9980230055621625
331640,0.9973069943600865
331641,0.9953716920570878
331642,0.9960953381703376
331643,1.0043171259132164
331644,1.0088369770340402
331645,1.0092710495721617
331646,1.0098359594899695
331647,1.0075115306145022
331648,1.0048139574503971
331649,1.0072315896243322
331650,1.0069644888231022
331651,1.003217077680696
331652,1.002251392556971
331653,1.0026611177000977
331654,1.0026651223161895
331655,1.0056224364541195
331656,1.0022313265524256
331657,0.9962177131690007
331658,0.9914345209582642
331659,0.9890015870219715
331660,0.9908719951396969
331661,0.9974791674426106
331662,0.9988137638790557
331663,0.9890442390068758
331664,0.9620834620169305
331665,0.9846255940444091
331666,1.0034684352992242
331667,0.9960668714487171
331668,0.9892272477309559
331669,1.0169758508471594
331670,1.1047585422959054
331671,1.0356874152436448
331672,0.9516631799652776
331673,0.9360901778351874
331674,0.9519044320135028
331675,0.973054473406819
331676,0.9948672945055208
331677,0.9961393641564975
331678,0.9587334487408743
331679,0.9148918665005525
331680,0.8997720647625573
331681,0.9062678580949899
331682,0.8970354179723377
331683,0.898515972696147
331684,0.8985893533230469
331685,0.898063325192025
331686,0.8952272169515427
331687,0.9074061543709737
331688,0.9371684334957334
331689,0.9644171999234799
331690,1.021964711629076
331691,1.0721529566393742
331692,1.0912102785137503
331693,1.082763802077878
331694,1.064416805247036
331695,1.0438308056416925
331696,1.021417845844302
331697,0.999228729645782
331698,0.9998195553378527
331699,1.0350629407960743
331700,1.0739772708362954
331701,1.0786150812062363
331702,1.0484252674121834
331703,1.1525543002352956
331704,1.0674092434789266
331705,1.079061214957099
331706,1.0560791439539035
331707,1.014999520285997
331708,1.0104628141122156
331709,0.9940651616016568
331710,0.9900262492128287
331711,0.9919005946217879
331712,0.9999511382479559
331713,1.0212244626048683
331714,1.048216547775929
331715,1.075548921787697
331716,1.1079130460601414
331717,1.138600341556259
331718,1.1652949636502472
331719,1.1892486610481805
331720,1.2233137943501196
331721,1.2454133655734376
331722,1.2330601448944647
331723,1.1871203822381586
331724,1.1438440540903152
331725,1.130562986189312
331726,1.135519023312742
331727,1.152830812699168
331728,1.1701869911981702
331729,1.179727524728131
331730,1.1842716239276132
331731,1.1816594403124558
331732,1.1759210751726734
331733,1.1771087508025249
331734,1.1710264740029124
331735,1.1591045767866701
331736,1.1588093834811457
331737,1.152799706044222
331738,1.1506355427489074
331739,1.1589910505161696
331740,1.1654146350313974
331741,1.181193348077038
331742,1.2115864037978799
331743,1.2294718475189457
331744,1.2344466150723985
331745,1.233281500102514
331746,1.229154167833231
331747,1.2252641174592092
331748,1.2155269821436459
331749,1.1983003630385656
331750,1.1832734737297503
331751,1.1692419115032635
331752,1.1534152660074979
331753,1.1298007620014665
331754,1.1054885298244976
331755,1.0844138309621352
331756,1.0638914697896806
331757,1.0330677716756764
331758,1.0106054934611548
331759,1.014940147510153
331760,1.0273843094802255
331761,1.0279404468623805
331762,1.0051213084320205
331763,0.9639646300693476
331764,0.9208258063445319
331765,0.877531221507778
331766,0.8340671262904444
331767,0.8050378627243867
331768,0.7985442203265285
331769,0.7992077429098291
331770,0.7887884500052308
331771,0.775655701300391
331772,0.7744839759682736
331773,0.7851547640340417
331774,0.8054620180232556
331775,0.8191404885317862
331776,0.8161783500616556
331777,0.796788541840435
331778,0.7754277575043048
331779,0.7664401001276914
331780,0.7717271985516748
331781,0.7827408355542789
331782,0.7992075146552395
331783,0.8195311318930185
331784,0.8343606840804841
331785,0.8495489747128436
331786,0.8623396624992521
331787,0.8932938536392396
331788,0.9353627152304752
331789,0.9591170640901139
331790,0.9571940163220637
331791,0.9475793315362164
331792,0.9530515931981897
331793,0.9616813471353426
331794,0.9624642985311297
331795,0.9682714195602322
331796,0.9795729581499233
331797,0.994711814055172
331798,1.0105986028999114
331799,1.0187305052276443
331800,1.0210809901528535
331801,1.0171249213513203
331802,1.0142479180393849
331803,1.0138578312109048
331804,1.0144973129244925
331805,1.016251138673336
331806,1.0133855101451177
331807,1.010653420595447
331808,1.0174566119031747
331809,1.0322837386315435
331810,1.0453490941434158
331811,1.0567345491520896
331812,1.0612019828170465
331813,1.044165447325737
331814,1.021939678202277
331815,1.0060434258689204
331816,0.9887205842936596
331817,0.9805773286901628
331818,0.9699219501311357
331819,0.9702635885058829
331820,0.984217368454205
331821,1.0019682415766271
331822,1.0216609271629145
331823,1.037292262854782
331824,1.0471314494885304
331825,1.0512649202267825
331826,1.0524074170785875
331827,1.0476013266537896
331828,1.0388555399049375
331829,1.0321586952211188
331830,1.0339118678951869
331831,1.0406216319562347
331832,1.0420217235011455
331833,1.0297642296916272
331834,1.0040097502176681
331835,0.9792696097583695
331836,0.9577448866404863
331837,0.9409886132223665
331838,0.9360552178950757
331839,0.9314963447213586
331840,0.9247863592992265
331841,0.9206547628374724
331842,0.9296922018679562
331843,0.952061650771432
331844,0.9797599836203349
331845,1.0090980400503446
331846,1.0379201838796295
331847,1.0608873151300926
331848,1.078974882733809
331849,1.0886584586496324
331850,1.080055287988023
331851,1.0526838411019828
331852,1.0132171999861652
331853,0.980353144012939
331854,0.9638056007090404
331855,0.9610822291678687
331856,0.963526385069069
331857,0.9730762468738067
331858,0.9829560852784953
331859,0.9944130615799587
331860,1.0122547139577212
331861,1.027784763028539
331862,1.0366258505434927
331863,1.0437151551007056
331864,1.0483505053482216
331865,1.0486954960576262
331866,1.044384218870606
331867,1.0385235563125061
331868,1.0316633355460432
331869,1.0189660807127854
331870,1.006813276958111
331871,0.9986366328834664
331872,0.988285575214541
331873,0.9826156776282414
331874,0.987250643179196
331875,1.0000153429560523
331876,1.0127287718221643
331877,1.0224427575232151
331878,1.0313455772631792
331879,1.0383346687796633
331880,1.040792643291486
331881,1.042785539255871
331882,1.0421884584502898
331883,1.0301515865359596
331884,1.0126729580399283
331885,0.9934053103399452
331886,0.9757944966200485
331887,0.9590323094111863
331888,0.946917106602792
331889,0.9383754354457006
331890,0.9316026438212506
331891,0.9294047925065377
331892,0.9293416839149528
331893,0.9279124156871643
331894,0.9387247292589775
331895,0.9562200672573711
331896,0.9715121351203664
331897,0.9811074014426414
331898,0.9880327590364
331899,0.9931646855060721
331900,0.9900060280834742
331901,0.983457765475349
331902,0.9748544409967469
331903,0.9695894525200315
331904,0.9675009556319802
331905,0.9701280523854909
331906,0.974840897450513
331907,0.9766951271833962
331908,0.9787327436074452
331909,0.9818390341194453
331910,0.9883813918023752
331911,0.9943363916425655
331912,0.9992147567324744
331913,1.005970401793563
331914,1.0124423824873492
331915,1.0202105086807687
331916,1.02728816387877
331917,1.0312422663812297
331918,1.0349353304879025
331919,1.0343303324177178
331920,1.0328947053797615
331921,1.0364863290796718
331922,1.0393230097769535
331923,1.0390872735013712
331924,1.035673557096862
331925,1.0287122243393714
331926,1.0200744272199216
331927,1.0115948729178441
331928,1.0044559174640368
331929,0.9966173489315403
331930,0.9856839082646228
331931,0.9752095858564401
331932,0.9737869595507964
331933,0.9755768419916666
331934,0.9819416643813552
331935,0.9922207975526088
331936,1.0064740171046092
331937,1.0130028155495994
331938,1.0160020597126855
331939,1.017827629885923
331940,1.0156489245641263
331941,1.0119515832515458
331942,1.007184923320829
331943,1.0014973418488229
331944,0.9959065229804378
331945,0.9946021913059719
331946,0.9977705843921311
331947,1.0020738316583713
331948,1.0014081473462009
331949,0.999035372574215
331950,0.9935044471467086
331951,0.9838310004660459
331952,0.9771816174639941
331953,0.9732512844013848
331954,0.9723724077707672
331955,0.971799683589612
331956,0.9736502408138872
331957,0.977158382411104
331958,0.9737641989358062
331959,0.9620490185228351
331960,0.9511402370137723
331961,0.9530993532908463
331962,1.0901302891139866
331963,1.0695828340029483
331964,1.163888631667296
331965,1.1711350921453634
331966,1.0822078155376769
331967,0.9920839121624605
331968,0.9325309736037395
331969,0.926423082081955
331970,0.9666408135909468
331971,1.02164980050775
331972,1.0322640896239887
331973,1.0176611262881425
331974,1.0046635504153247
331975,0.9970032883561433
331976,0.9918029785813564
331977,0.9856151181317444
331978,0.9773947646652152
331979,0.975604968200396
331980,0.9918896782405086
331981,1.01061128192481
331982,1.0232696129326786
331983,1.0151886098754113
331984,0.9844885721094115
331985,0.9459982938042895
331986,0.9273028746792124
331987,0.9545921839078039
331988,0.9314650189144253
331989,0.9321361164795304
331990,1.0188769296409537
331991,1.0865269617048905
331992,1.0753501922161226
331993,0.9932545630773255
331994,0.9297121980335659
331995,0.9747820459463854
331996,1.0798322384143353
331997,1.1783158671133842
331998,1.2147460939263366
331999,1.1846057411086348
332000,1.0819875871028997
332001,1.0137686247996578
332002,0.9991948762790107
332003,1.009194912494766
332004,1.0302183331989452
332005,1.0621751372348651
332006,1.0823542947788647
332007,1.089474574814298
332008,1.1070913877327182
332009,1.1094288216886439
332010,1.1156475382002173
332011,1.133903492098849
332012,1.1644187678480344
332013,1.1833114143678376
332014,1.2070353497895423
332015,1.2022887931608344
332016,1.1647264348118394
332017,1.1539596944192114
332018,1.0948149024836487
332019,1.008100010393253
332020,0.974527694341073
332021,0.9998933011786255
332022,1.0373578714542777
332023,1.0982217158368983
332024,1.1148152758083698
332025,1.1014114106752513
332026,1.0921549949717235
332027,1.0606267756937626
332028,1.0150858358077688
332029,0.9690760395023887
332030,0.9368045912412818
332031,0.9199037257761031
332032,0.9110226279613903
332033,0.90417176173128
332034,0.8819631645025485
332035,0.889686431607351
332036,0.912871296536816
332037,0.9350208586107933
332038,0.9683637219024075
332039,1.0011804031209037
332040,1.022754331178157
332041,1.030577942404897
332042,1.0445769223021224
332043,1.0824779247414895
332044,1.1270479010771666
332045,1.1763697848108452
332046,1.4242910923799112
332047,1.756907619651457
332048,1.6632914901220408
332049,1.564798939419679
332050,1.4231922918888882
332051,1.285861275129197
332052,1.189246244831621
332053,1.1440842292767852
332054,1.0850218810279773
332055,1.0455158836971423
332056,1.0427361744261878
332057,1.0431456313177168
332058,1.0809472891330385
332059,1.1008307927988672
332060,1.055241887984322
332061,0.9907138776131732
332062,0.9546109749633243
332063,0.9312327499760147
332064,0.8972516752457351
332065,0.8608951118111098
332066,0.833358192461113
332067,0.8195193851748941
332068,0.8006097384572528
332069,0.7936267244372847
332070,0.8425326818455117
332071,0.8136315819148914
332072,0.8141499159060137
332073,0.7865227752383892
332074,0.7133100637656731
332075,0.607574935200892
332076,0.6832379297226635
332077,0.7497377056494104
332078,0.8181309430985771
332079,0.9556895395025252
332080,0.7877397528774276
332081,0.4288655737530261
332082,0.47789497949029774
332083,0.5592809539792967
332084,0.688906649079005
332085,0.766546931415824
332086,0.9245292015090866
332087,1.0858991022448268
332088,1.186317353443844
332089,1.2086662702481021
332090,1.151738185195396
332091,1.0472872865445382
332092,0.9193269788845724
332093,0.8147014931319595
332094,0.7554088213535708
332095,0.7271628709729004
332096,0.7552706920498908
332097,0.823772060930495
332098,0.9253334622845397
332099,1.0524981692428053
332100,1.1479320211473123
332101,1.1891894864602526
332102,1.1809554449422648
332103,1.1402883724911728
332104,1.1003804262488943
332105,1.0606092327974823
332106,1.0284718822244314
332107,1.0188211540977221
332108,1.0331578998592092
332109,1.0760830299064477
332110,1.1154204002999681
332111,1.124611094945677
332112,1.1353087160764117
332113,1.1626925673028665
332114,1.2068536392030496
332115,1.268013386155927
332116,1.2809220169900855
332117,1.2368737067997533
332118,1.1419744772742335
332119,1.0455534946752578
332120,0.9872316006568997
332121,0.9615669938686163
332122,0.9588831642499529
332123,0.9889720790529059
332124,1.0307217383073857
332125,1.043816668048419
332126,1.0311378280048944
332127,1.0059695174273044
332128,0.9683924789644701
332129,0.9396052688398852
332130,0.9050085201970889
332131,0.9197371196333318
332132,0.9708625572101711
332133,1.0346915216271997
332134,1.0923016173461428
332135,1.1317254248876427
332136,1.1647636394981469
332137,1.2119705242180774
332138,1.2394330464088394
332139,1.2250373019840477
332140,1.1830342730292627
332141,1.1234871691602375
332142,1.0362541967374643
332143,0.9570647889459327
332144,0.9268644836012698
332145,0.9458509950301259
332146,1.004279939260352
332147,1.0845808186066004
332148,1.1497389920344043
332149,1.207091648344482
332150,1.2090702243060834
332151,1.1517934614732
332152,1.0280897078011413
332153,0.8719149381175074
332154,0.7457895399899547
332155,0.7010345151769344
332156,0.724828606919869
332157,0.7759548764339448
332158,0.8531317248511672
332159,0.9406827356435057
332160,1.0134617276648878
332161,1.0639396007330393
332162,1.0735548106878703
332163,1.0504723659035675
332164,1.0212382925983146
332165,0.997631009218707
332166,0.9816507041529832
332167,0.9823046826715189
332168,0.9892595812206517
332169,0.9919742210445092
332170,0.9964797460658991
332171,0.9959386679125869
332172,0.9990607892788579
332173,1.0043219975729272
332174,0.9961711823061866
332175,0.9918473940421599
332176,1.00467594976779
332177,1.0123146132680476
332178,1.0306587996844567
332179,1.055169422482665
332180,1.056425656554374
332181,1.0378127671702029
332182,1.0156686468557534
332183,0.997341352914762
332184,0.9814430740909766
332185,0.9607344862145929
332186,0.9445762509721773
332187,0.9431376515034299
332188,0.9573475248199877
332189,0.9888855917832394
332190,1.0221969972929206
332191,1.04047146660126
332192,1.0470856429736912
332193,1.0442755229771123
332194,1.0160457965836103
332195,0.9717421915328226
332196,0.9311683817934044
332197,0.8981255721921714
332198,0.8756520940610052
332199,0.8729176322963489
332200,0.8956670090507807
332201,0.9315944733674465
332202,0.9708638721332209
332203,1.0084531384925388
332204,1.0396049083613907
332205,1.051672220621401
332206,1.0520805769714476
332207,1.0392255652887012
332208,1.0284066476471352
332209,1.012034016469103
332210,1.018121297532024
332211,1.0465411288347026
332212,1.0475947483312273
332213,1.0671110606717844
332214,1.0786094955794083
332215,1.0787356971169497
332216,1.0786761237074127
332217,1.077360705308986
332218,1.0785844056644993
332219,1.093335315949697
332220,1.1077778424296452
332221,1.1098635607860463
332222,1.0948578580760493
332223,1.0595878810568713
332224,1.0209559544919633
332225,0.9927011699826058
332226,0.9724694504952305
332227,0.9637751465287023
332228,0.9711174725794448
332229,0.983587345718088
332230,1.002348307426748
332231,1.0244617354470718
332232,1.0367449262193738
332233,1.0324490200552257
332234,1.0226382082070034
332235,1.0171519030254803
332236,1.010039334628534
332237,1.0017749716761193
332238,0.9984044333373466
332239,0.9967139582897031
332240,0.9884433356626753
332241,0.9858865449347873
332242,0.9953914889925525
332243,1.0065198260087922
332244,1.0097753115729857
332245,1.0154393449382046
332246,1.022484715890244
332247,1.0231326893491368
332248,1.026836432386179
332249,1.0246684474037593
332250,1.019616289835297
332251,1.014216761692151
332252,0.9965539194223165
332253,0.9851724305382067
332254,0.9821346444423836
332255,0.9919534178535329
332256,1.0081309311723916
332257,1.018702174144479
332258,1.0314467431639807
332259,1.0371423661512718
332260,1.0354864100042818
332261,1.026050525242688
332262,1.0066292548999278
332263,0.9883812423347146
332264,0.974856260091853
332265,0.9730096871692486
332266,0.9695526595695039
332267,0.9595283016540945
332268,0.9464406626746663
332269,0.9386609357302792
332270,0.9368114568034198
332271,0.940366893674313
332272,0.9529391117503658
332273,0.9682555846521597
332274,0.9771577863705406
332275,0.9796220227703245
332276,0.9783705169050072
332277,0.9756720893163665
332278,0.9711257230067112
332279,0.9726724358776478
332280,0.9810720386276996
332281,0.9867614928297683
332282,0.9948275425807585
332283,1.0089961249800448
332284,1.0154535223323846
332285,1.0197148886174774
332286,1.0269763548189093
332287,1.036037955427312
332288,1.0335133648791506
332289,1.021554066635645
332290,1.0097823203881473
332291,1.0063100651166335
332292,1.0115384812091708
332293,1.0247388250842149
332294,1.041007117268865
332295,1.0550368186404313
332296,1.060356885136406
332297,1.0592196752342582
332298,1.0458750079929564
332299,1.0202393001731747
332300,0.9939610835788298
332301,0.9803216629626879
332302,0.9795843047319229
332303,0.9899986076236065
332304,1.0035424617009119
332305,1.0142196973899962
332306,1.0163727109026206
332307,1.0217466713945487
332308,1.0338155514692564
332309,1.0420894739386104
332310,1.0434118270230917
332311,1.0390792799164799
332312,1.0313508223111276
332313,1.0262347781578356
332314,1.0347648310181252
332315,1.0457614660732084
332316,1.0570626088292299
332317,1.062803861787777
332318,1.0613301835147213
332319,1.0548089439841408
332320,1.0367831998690262
332321,1.0160843440861462
332322,0.9981455020500472
332323,0.9818105920542712
332324,0.9634168381046042
332325,0.9525930419335598
332326,0.9630126927738816
332327,0.9861550370449104
332328,1.0060186571326364
332329,1.0164704658553734
332330,1.0216311102984734
332331,1.0300831203137046
332332,1.038387525378837
332333,1.0437645858327986
332334,1.0417653307655421
332335,1.0367231251423785
332336,1.0324443206925302
332337,1.027149909419724
332338,1.0236122406684913
332339,1.024540174529231
332340,1.0194864311177796
332341,1.0045062246654681
332342,0.9902073456293676
332343,0.9874391505491432
332344,0.9896321400466824
332345,0.992832519768343
332346,0.9994306939142575
332347,1.0075959994908767
332348,1.0167285227718095
332349,1.0246892276327195
332350,1.0235395593341932
332351,1.0190474918385735
332352,1.0120534349021306
332353,0.9969976397052029
332354,0.9729588117732483
332355,0.9451363120782026
332356,0.9179621362701543
332357,0.9055223417272512
332358,0.902944456340067
332359,0.9108650009670425
332360,0.9171944915321829
332361,0.9225323365883313
332362,0.9244088917844935
332363,0.9236570695400974
332364,0.9231575560763181
332365,0.915113214289261
332366,0.9004295338386903
332367,0.8873828542877431
332368,0.9045588846796893
332369,0.9118343921281487
332370,0.9069503334396603
332371,0.9270479775055557
332372,0.94302683193016
332373,0.9574011423589065
332374,0.9633388378029857
332375,0.9575575235485217
332376,0.970087098416695
332377,0.9933648983593314
332378,1.0135753188011036
332379,1.023717424848527
332380,1.011207526543976
332381,1.0505374843730608
332382,0.9557185864453007
332383,0.9336423747765361
332384,0.9271517020558401
332385,0.9294303200981713
332386,0.9284387168479875
332387,0.966307923551407
332388,1.0884370980808262
332389,1.2877260491482359
332390,1.3840959674010058
332391,1.2435254175247312
332392,1.120456314757004
332393,1.0806868809639003
332394,1.0433802248400756
332395,1.0334093595861966
332396,0.9892982426870548
332397,0.9958067770441967
332398,1.0907015272623632
332399,1.1209002249482942
332400,1.158262852138696
332401,1.1895350380466347
332402,1.0721597251163442
332403,1.0770954343191828
332404,1.0468288794453633
332405,1.0399083898282322
332406,1.042380695906426
332407,1.0240239855533642
332408,1.0185794355278943
332409,0.9953395842534356
332410,0.9409571294548733
332411,0.926744676146146
332412,0.9430682004931468
332413,0.9631829022512669
332414,0.9513279731202847
332415,0.9710891343981076
332416,0.9943197710528462
332417,1.0115948240084294
332418,1.026072377903682
332419,1.0309404959476842
332420,1.0284656421283802
332421,1.0357922306385452
332422,1.0236901222185144
332423,1.003429274715762
332424,0.9939345779090394
332425,1.0167612483797037
332426,1.0452313511892248
332427,1.0493549645601048
332428,1.042136960197323
332429,1.0328177294872873
332430,1.019725333253068
332431,0.9959548445460592
332432,0.9706618193016322
332433,0.9452421515865562
332434,0.945886715489067
332435,0.9675107768141868
332436,1.014303119493364
332437,1.0500000980283488
332438,1.0393225904087215
332439,1.0073113908704419
332440,0.9902555314838047
332441,0.9513384251699896
332442,0.9254983455134487
332443,0.9451495832652554
332444,0.978348136842413
332445,1.0407615777926058
332446,1.085268241279961
332447,1.0370613906916548
332448,0.9856183826897773
332449,0.9762312461992726
332450,0.9819765955293254
332451,0.973332980916257
332452,0.9560311985978243
332453,0.9919060376859378
332454,1.0434571147020777
332455,1.0069078681977401
332456,1.0340362784622805
332457,1.0625167348583366
332458,1.0442401429065822
332459,1.0544233231916327
332460,1.0116638354868595
332461,0.995285049034473
332462,0.992030336386644
332463,1.0352002406669643
332464,1.0423374045474005
332465,1.0428694337757873
332466,1.0154941742798513
332467,0.990249603693295
332468,0.9909607455239647
332469,1.0048738886777087
332470,0.9859315399473039
332471,0.9836741069826019
332472,0.9701250879020938
332473,0.9731640023045943
332474,1.0042938634934113
332475,1.025073022474651
332476,1.0187590954910628
332477,1.0113010197687393
332478,1.0123385295891185
332479,1.015424768948112
332480,1.0258882242775471
332481,1.0600962025978757
332482,1.090220736731291
332483,1.1234541894501386
332484,1.1218896183755673
332485,1.0493531038746606
332486,1.0050989496417677
332487,0.9939800006923039
332488,0.9742572580505107
332489,0.9895930107144401
332490,0.9890009466796665
332491,1.0131894483741835
332492,1.0238574534581444
332493,1.021066286510123
332494,0.9781834949776854
332495,0.9616472229962502
332496,0.9501180434835771
332497,0.9592023442019322
332498,0.9757382459666649
332499,0.9842453375212105
332500,1.0078520597273175
332501,0.9811436590484469
332502,0.9594390266290573
332503,0.9625371021409316
332504,0.9445946192663567
332505,0.9390385278216207
332506,0.9591937628023818
332507,0.9816651635389414
332508,1.001075193035153
332509,1.0132721007422283
332510,1.0131205194442288
332511,1.0037372066200543
332512,0.9668072066573833
332513,0.9773355029360046
332514,1.0123813060941813
332515,1.026635417700959
332516,0.9971336196132867
332517,1.0035422762098898
332518,1.0014552788298592
332519,0.9866056025989067
332520,0.9715125473320183
332521,0.9663562123206892
332522,0.9765117137339386
332523,1.001554037039206
332524,1.030989208556703
332525,1.055892670908563
332526,1.0642486722607574
332527,1.0733385192516538
332528,1.0847401353504857
332529,1.1087891152737854
332530,1.1215938660699318
332531,1.0897615434421608
332532,1.0492523748734388
332533,1.0032624766956837
332534,0.9568299924882246
332535,0.9152643759402116
332536,0.8998310443267148
332537,0.8911124603058679
332538,0.8985884982700834
332539,0.9376272397072021
332540,1.0171755062387204
332541,1.0960290565571154
332542,1.0788904950264295
332543,1.0058591566039283
332544,0.9968642980313516
332545,1.0200985372997802
332546,1.0369966799540675
332547,1.0327806712198835
332548,1.0122604610190762
332549,0.9916526639351524
332550,0.9670544593057628
332551,0.9630020589261652
332552,0.9908293051633983
332553,1.0378658874720113
332554,1.074421766452356
332555,1.0793195298297533
332556,1.0778080876799756
332557,1.069464476580738
332558,1.0621280214052033
332559,1.0434763078332614
332560,1.016773480624519
332561,0.9634062736073291
332562,0.9233269381667691
332563,0.9346186782066892
332564,0.9519739873949626
332565,0.9752253746998906
332566,1.0122844366958577
332567,1.0370936308355396
332568,1.0260993103660088
332569,0.9935269679703395
332570,0.974050875453805
332571,0.9597002515383164
332572,0.9503573804313732
332573,0.9861821614272708
332574,1.0105757833184648
332575,1.0155370436921478
332576,1.0191332257772754
332577,1.030371829166318
332578,1.0401602324119372
332579,1.0011852574858695
332580,0.968714021559731
332581,0.9693198946792219
332582,0.9835958554951325
332583,1.0392658844184304
332584,1.0685064888573903
332585,1.091200531232596
332586,1.1103126178091693
332587,1.1051023541847174
332588,1.070668784567308
332589,1.0320161970056512
332590,1.0002140609076826
332591,0.9610484644789486
332592,0.9531109357650216
332593,0.9943570604499111
332594,1.0457767116100336
332595,1.0361360682230503
332596,0.8737068653862414
332597,0.9240584067561445
332598,0.9542137904084744
332599,0.9934398093437474
332600,0.8525654149925782
332601,0.888114517701932
332602,0.9495393988784346
332603,1.0072880886151623
332604,1.0229919412154045
332605,1.0304399673284714
332606,1.033931056601762
332607,1.0281997260823796
332608,1.0294574975505437
332609,1.055090822482755
332610,1.0278481390454282
332611,0.9993993467002711
332612,0.9809010910073713
332613,0.9861905626406295
332614,1.001506251353731
332615,1.0093123400378332
332616,1.0117441028286753
332617,1.0224305776198515
332618,1.0335314820218158
332619,1.0222029287574195
332620,1.0013550263859274
332621,0.9809558856771339
332622,0.9723717449841268
332623,0.971501220674795
332624,0.9768374887966587
332625,0.9822948091137453
332626,0.9844161022211013
332627,0.9894647833645225
332628,0.9921998829050124
332629,0.9926858371153985
332630,1.0028660448992437
332631,1.0171838828843272
332632,1.0205715726482156
332633,1.0186337279642124
332634,1.0175291389848895
332635,1.011286280066721
332636,1.0158108520562363
332637,1.0218786858479787
332638,1.0210536014054261
332639,1.001127011460082
332640,0.9931139485572982
332641,0.9764474009396028
332642,0.9987326416228098
332643,1.019960430719366
332644,1.0383547519404481
332645,1.0354815697277544
332646,1.0170561388394865
332647,0.9984675831070298
332648,0.9913568149766397
332649,0.9876156213803633
332650,0.9645749309562316
332651,0.9469240267034486
332652,0.9545727830713517
332653,1.0180831475562322
332654,1.093760804778613
332655,1.0807923628218998
332656,1.0763872367280498
332657,1.0420881296908218
332658,0.9924411342725129
332659,0.9531714990385232
332660,0.9142424900891413
332661,0.8748952504079217
332662,0.8412550271527551
332663,0.8671319159476507
332664,0.9544663982379012
332665,1.0450368104986785
332666,1.0683207276082067
332667,0.9900707139253531
332668,0.9486142627003169
332669,0.9629343853005642
332670,0.961254970949801
332671,0.952059942559045
332672,0.9585940929865361
332673,0.9836584012038739
332674,0.998868843951401
332675,1.0144913653248877
332676,1.035043568258696
332677,1.0446675938191878
332678,1.0459039892321786
332679,1.056898235610597
332680,1.0732825298120512
332681,1.0694939041601117
332682,1.0661316801349308
332683,1.04434255925072
332684,1.011738407029658
332685,0.9979286463252325
332686,0.9971226350149494
332687,1.018247076282128
332688,1.0332680614874818
332689,1.0180933152903218
332690,1.0047503725623745
332691,0.9911453887800976
332692,0.9819320214428258
332693,0.9818977859698387
332694,0.9979856916978908
332695,1.0028562149744833
332696,0.9881206301119981
332697,1.0037609174422744
332698,1.0235850032451392
332699,1.0306565614184828
332700,1.0371771546034938
332701,1.0279796233869043
332702,1.012913782089135
332703,1.0090325091553671
332704,1.0038921916706505
332705,0.9938329131903408
332706,0.986806308976865
332707,1.0020665925732795
332708,1.0293944218049869
332709,1.030741037001365
332710,1.0298301115845379
332711,1.0325684529340224
332712,1.0331304746371406
332713,1.0102969253105336
332714,0.9868669256296152
332715,0.98848640944919
332716,1.0005358601590675
332717,1.0086556190118219
332718,1.0048725752777081
332719,1.012195348557193
332720,1.0132947624069553
332721,0.9986941011720467
332722,0.9742974928273977
332723,0.9505541777777031
332724,0.9440705880494906
332725,0.9471851228642785
332726,0.9587074424258886
332727,0.969624065065703
332728,0.9799221152830541
332729,0.9885203923602847
332730,1.0172656117306997
332731,1.042439517349188
332732,1.0509578744068273
332733,1.038918145785304
332734,1.0172245345757025
332735,1.0077155794578503
332736,1.0124305631473194
332737,1.01722153029983
332738,1.0102014930195362
332739,0.9863265189780955
332740,0.9920325449218446
332741,1.0128951351467719
332742,1.0090051735252925
332743,0.9908592869956625
332744,0.9926716970480735
332745,1.0259439207434788
332746,1.0169725763685775
332747,0.9732480075466183
332748,0.9714318987463177
332749,0.9961896673704703
332750,1.0130492953261048
332751,1.011877494057198
332752,1.0275186452829332
332753,1.0397572334787726
332754,1.048740865275958
332755,1.0450314893226402
332756,1.0432152451243797
332757,1.0267254003998565
332758,1.0142887616609833
332759,1.0184950821398369
332760,1.0224467629959464
332761,1.0249997623582525
332762,1.022219606076342
332763,1.012344522380593
332764,0.9986806434746109
332765,0.9855144112621325
332766,0.9901143640622111
332767,0.9963087319741561
332768,0.9915665841165014
332769,0.9899194706227618
332770,0.9858131379094934
332771,0.9556292893045343
332772,0.8973621490710908
332773,0.9000383412473444
332774,0.9613707528124351
332775,1.0172270199546622
332776,1.047236488354759
332777,1.0556408183073425
332778,1.0482094300034537
332779,1.0487822083282232
332780,1.051369226129679
332781,1.0529575373450188
332782,1.0423028669565495
332783,1.0177406756199883
332784,0.9980382837291554
332785,0.9802878881958088
332786,0.9736412876816304
332787,0.9976477362593221
332788,1.0129555422575574
332789,0.9928627947414227
332790,0.9630498136711279
332791,0.964447857740781
332792,0.9768166800156813
332793,0.9865654550075155
332794,0.9932521426547776
332795,0.9930758231929424
332796,0.9750478118827384
332797,0.9596172739438869
332798,0.9628594164452754
332799,0.9653142403809276
332800,0.9690721596487731
332801,0.9604393772363796
332802,0.9416333457367441
332803,0.9344982081533733
332804,0.9329243135541073
332805,0.9336988770728959
332806,0.9501596036848531
332807,0.9646542405009737
332808,0.990490516052063
332809,1.0267353919561721
332810,1.0639181587486175
332811,1.0746536146283765
332812,1.0774971605210455
332813,1.073231241124382
332814,1.0501009387806917
332815,1.00947757680815
332816,0.9600285201183197
332817,0.9211537926398431
332818,0.9263829664279536
332819,0.9806487557700594
332820,1.0903906288621517
332821,1.2073834093213593
332822,1.1647127000936457
332823,1.0512436441883255
332824,1.0000294747609526
332825,1.005617379966275
332826,1.0330591631055877
332827,1.0056563629673188
332828,0.9578565042767749
332829,0.9206066580803464
332830,0.9124484623989055
332831,0.9380896078929859
332832,0.9842195086486483
332833,1.0145393559397013
332834,1.0075583743993373
332835,0.9883435343021444
332836,0.9915070214857106
332837,0.9750592535075641
332838,0.916702355847508
332839,0.8725924277190049
332840,0.8840972141878122
332841,0.9058960568217176
332842,0.9234899282145757
332843,0.9142330921879657
332844,0.8885391011715585
332845,0.9386124971427257
332846,1.0128159150012614
332847,1.0970082744014091
332848,1.143574489101188
332849,1.0537729147855213
332850,1.0179669002232905
332851,1.0011431237949002
332852,1.0464493899194935
332853,1.0672867035634235
332854,1.0477694083028855
332855,0.9934577205332709
332856,0.9676203262568788
332857,1.019371158081278
332858,1.0986396171571016
332859,1.1435264528740454
332860,1.1353114378102798
332861,1.1067973134201592
332862,1.0525343193753236
332863,1.0130877577026398
332864,1.0409149592943294
332865,1.0560680390809096
332866,1.0376557499947254
332867,1.0015811651507711
332868,1.0116078812421025
332869,1.0208495475939443
332870,1.0193104808663436
332871,1.013077041584345
332872,0.989064564192382
332873,0.9815166335975108
332874,0.9824201452787958
332875,0.9801163009055579
332876,0.9779952164675788
332877,1.0001461988080962
332878,1.0224968359446551
332879,0.9852264273327245
332880,0.9863677926868211
332881,0.9721650347959963
332882,0.9783631883455285
332883,0.9957595564939569
332884,0.9987626059197496
332885,1.0069193820479507
332886,1.024621170375445
332887,1.0288539279251838
332888,1.0232249389104096
332889,1.011945997794299
332890,1.0154994539691347
332891,1.0314520618501055
332892,1.0347944719454303
332893,1.0286036793354711
332894,1.0237524467315375
332895,1.0235894114102924
332896,1.0192475294092165
332897,0.9971477898069108
332898,0.9812118740167297
332899,0.9743617180082432
332900,0.9777064502847453
332901,0.9927744505603358
332902,1.0047016115971794
332903,0.9897389517527847
332904,0.9799700857856439
332905,0.973272203381229
332906,0.9750415442496166
332907,0.9800604079400457
332908,0.9911497972216908
332909,0.9933717271666487
332910,0.9847460382886325
332911,0.9820459565701743
332912,0.9867592291993386
332913,0.984773130787364
332914,0.9872071085184656
332915,0.9923923845961292
332916,0.9997520593424252
332917,1.00254032731139
332918,1.0129265503970675
332919,1.0446169160869974
332920,1.078476416308788
332921,1.0905556981078037
332922,1.0590160472649373
332923,1.0129291055104364
332924,1.0047622244310344
332925,1.0207491445605388
332926,1.0371510723814072
332927,1.021869727258356
332928,0.9911329855357008
332929,0.9652602367301985
332930,0.966333891810674
332931,0.9758315785443966
332932,0.9794463399366965
332933,0.9975173665563352
